{
  "best_global_step": null,
  "best_metric": null,
  "best_model_checkpoint": null,
  "epoch": 10.0,
  "eval_steps": 500,
  "global_step": 20,
  "is_hyper_param_search": false,
  "is_local_process_zero": true,
  "is_world_process_zero": true,
  "log_history": [
    {
      "entropy": 3.776605486869812,
      "epoch": 2.8,
      "grad_norm": 2.025477647781372,
      "learning_rate": 0.00016,
      "loss": 6.395520782470703,
      "mean_token_accuracy": 0.13610798812338284,
      "num_tokens": 1792.0,
      "step": 5
    },
    {
      "entropy": 3.67698842828924,
      "epoch": 5.0,
      "grad_norm": 3.3785805702209473,
      "learning_rate": 0.00011000000000000002,
      "loss": 5.817881393432617,
      "mean_token_accuracy": 0.1410164643417705,
      "num_tokens": 3200.0,
      "step": 10
    },
    {
      "entropy": 3.6258152553013394,
      "epoch": 7.8,
      "grad_norm": 3.2690157890319824,
      "learning_rate": 6e-05,
      "loss": 5.364339447021484,
      "mean_token_accuracy": 0.1400449951844556,
      "num_tokens": 4992.0,
      "step": 15
    },
    {
      "entropy": 3.6112079837105493,
      "epoch": 10.0,
      "grad_norm": 3.704301118850708,
      "learning_rate": 1e-05,
      "loss": 5.156760025024414,
      "mean_token_accuracy": 0.13672154735435138,
      "num_tokens": 6400.0,
      "step": 20
    }
  ],
  "logging_steps": 5,
  "max_steps": 20,
  "num_input_tokens_seen": 0,
  "num_train_epochs": 10,
  "save_steps": 20,
  "stateful_callbacks": {
    "TrainerControl": {
      "args": {
        "should_epoch_stop": false,
        "should_evaluate": false,
        "should_log": false,
        "should_save": true,
        "should_training_stop": true
      },
      "attributes": {}
    }
  },
  "total_flos": 61911780556800.0,
  "train_batch_size": 1,
  "trial_name": null,
  "trial_params": null
}
